{"timestamps": [1471988081.428461], "initial_reset_timestamp": 1471988080.954389, "episode_lengths": [1], "episode_rewards": [1.0]}